[
  {
    "model": "wagtailcore.site",
    "pk": 2,
    "fields": {
      "hostname": "localhost",
      "port": 80,
      "site_name": "Wagtail Kit Demo",
      "root_page": 3,
      "is_default_site": true
    }
  },
  {
    "model": "wagtailcore.page",
    "pk": 1,
    "fields": {
      "path": "0001",
      "depth": 1,
      "numchild": 1,
      "title": "Root",
      "draft_title": "Root",
      "slug": "root",
      "content_type": ["wagtailcore", "page"],
      "live": true,
      "has_unpublished_changes": false,
      "url_path": "/",
      "owner": null,
      "seo_title": "",
      "show_in_menus": false,
      "search_description": "",
      "go_live_at": null,
      "expire_at": null,
      "expired": false,
      "locked": false,
      "first_published_at": null,
      "last_published_at": null,
      "latest_revision_created_at": null,
      "live_revision": null
    }
  },
  {
    "model": "wagtailcore.page",
    "pk": 3,
    "fields": {
      "path": "00010001",
      "depth": 2,
      "numchild": 5,
      "title": "Home",
      "draft_title": "Home",
      "slug": "home",
      "content_type": ["home", "homepage"],
      "live": true,
      "has_unpublished_changes": false,
      "url_path": "/home/",
      "owner": null,
      "seo_title": "",
      "show_in_menus": false,
      "search_description": "",
      "go_live_at": null,
      "expire_at": null,
      "expired": false,
      "locked": false,
      "first_published_at": null,
      "last_published_at": null,
      "latest_revision_created_at": null,
      "live_revision": null
    }
  },
  {
    "model": "wagtailcore.page",
    "pk": 4,
    "fields": {
      "path": "000100010001",
      "depth": 3,
      "numchild": 3,
      "title": "News",
      "draft_title": "News",
      "slug": "news",
      "content_type": ["news", "newsindex"],
      "live": true,
      "has_unpublished_changes": false,
      "url_path": "/home/news/",
      "owner": ["admin"],
      "seo_title": "",
      "show_in_menus": true,
      "search_description": "",
      "go_live_at": null,
      "expire_at": null,
      "expired": false,
      "locked": false,
      "first_published_at": "2019-06-18T13:30:39.898Z",
      "last_published_at": "2019-06-18T13:30:39.898Z",
      "latest_revision_created_at": "2019-06-18T13:30:39.842Z",
      "live_revision": 1
    }
  },
  {
    "model": "wagtailcore.page",
    "pk": 5,
    "fields": {
      "path": "000100010002",
      "depth": 3,
      "numchild": 3,
      "title": "Events",
      "draft_title": "Events",
      "slug": "events",
      "content_type": ["events", "eventindexpage"],
      "live": true,
      "has_unpublished_changes": false,
      "url_path": "/home/events/",
      "owner": ["admin"],
      "seo_title": "",
      "show_in_menus": true,
      "search_description": "",
      "go_live_at": null,
      "expire_at": null,
      "expired": false,
      "locked": false,
      "first_published_at": "2019-06-18T13:30:48.257Z",
      "last_published_at": "2019-06-18T13:30:48.257Z",
      "latest_revision_created_at": "2019-06-18T13:30:48.210Z",
      "live_revision": 2
    }
  },
  {
    "model": "wagtailcore.page",
    "pk": 6,
    "fields": {
      "path": "0001000100040002",
      "depth": 4,
      "numchild": 0,
      "title": "Form page",
      "draft_title": "Form page",
      "slug": "form-page",
      "content_type": ["forms", "formpage"],
      "live": true,
      "has_unpublished_changes": false,
      "url_path": "/home/index-page/form-page/",
      "owner": ["admin"],
      "seo_title": "",
      "show_in_menus": true,
      "search_description": "",
      "go_live_at": null,
      "expire_at": null,
      "expired": false,
      "locked": false,
      "first_published_at": "2019-06-18T13:31:00.395Z",
      "last_published_at": "2019-06-18T13:57:34.214Z",
      "latest_revision_created_at": "2019-06-18T13:57:34.162Z",
      "live_revision": 16
    }
  },
  {
    "model": "wagtailcore.page",
    "pk": 7,
    "fields": {
      "path": "000100010004",
      "depth": 3,
      "numchild": 2,
      "title": "An index page",
      "draft_title": "An index page",
      "slug": "index-page",
      "content_type": ["standardpages", "indexpage"],
      "live": true,
      "has_unpublished_changes": false,
      "url_path": "/home/index-page/",
      "owner": ["admin"],
      "seo_title": "",
      "show_in_menus": true,
      "search_description": "",
      "go_live_at": null,
      "expire_at": null,
      "expired": false,
      "locked": false,
      "first_published_at": "2019-06-18T13:31:22.373Z",
      "last_published_at": "2019-06-18T13:42:31.816Z",
      "latest_revision_created_at": "2019-06-18T13:42:31.737Z",
      "live_revision": 11
    }
  },
  {
    "model": "wagtailcore.page",
    "pk": 8,
    "fields": {
      "path": "000100010005",
      "depth": 3,
      "numchild": 0,
      "title": "Basic information page",
      "draft_title": "Basic information page",
      "slug": "basic-information-page",
      "content_type": ["standardpages", "informationpage"],
      "live": true,
      "has_unpublished_changes": false,
      "url_path": "/home/basic-information-page/",
      "owner": ["admin"],
      "seo_title": "",
      "show_in_menus": true,
      "search_description": "",
      "go_live_at": null,
      "expire_at": null,
      "expired": false,
      "locked": false,
      "first_published_at": "2019-06-18T13:31:39.282Z",
      "last_published_at": "2019-06-18T14:18:31.813Z",
      "latest_revision_created_at": "2019-06-18T14:18:31.744Z",
      "live_revision": 21
    }
  },
  {
    "model": "wagtailcore.page",
    "pk": 9,
    "fields": {
      "path": "0001000100040001",
      "depth": 4,
      "numchild": 0,
      "title": "An information child",
      "draft_title": "An information child",
      "slug": "information-child",
      "content_type": ["standardpages", "informationpage"],
      "live": true,
      "has_unpublished_changes": false,
      "url_path": "/home/index-page/information-child/",
      "owner": ["admin"],
      "seo_title": "",
      "show_in_menus": true,
      "search_description": "",
      "go_live_at": null,
      "expire_at": null,
      "expired": false,
      "locked": false,
      "first_published_at": "2019-06-18T13:31:58.078Z",
      "last_published_at": "2019-06-18T13:43:50.976Z",
      "latest_revision_created_at": "2019-06-18T13:43:50.917Z",
      "live_revision": 12
    }
  },
  {
    "model": "wagtailcore.page",
    "pk": 10,
    "fields": {
      "path": "000100010006",
      "depth": 3,
      "numchild": 2,
      "title": "People",
      "draft_title": "People",
      "slug": "people",
      "content_type": ["people", "personindexpage"],
      "live": true,
      "has_unpublished_changes": false,
      "url_path": "/home/people/",
      "owner": ["admin"],
      "seo_title": "",
      "show_in_menus": true,
      "search_description": "",
      "go_live_at": null,
      "expire_at": null,
      "expired": false,
      "locked": false,
      "first_published_at": "2019-06-18T13:32:09.911Z",
      "last_published_at": "2019-06-18T13:32:09.911Z",
      "latest_revision_created_at": "2019-06-18T13:32:09.866Z",
      "live_revision": 7
    }
  },
  {
    "model": "wagtailcore.page",
    "pk": 11,
    "fields": {
      "path": "0001000100060001",
      "depth": 4,
      "numchild": 0,
      "title": "Jane Doe",
      "draft_title": "Jane Doe",
      "slug": "jane-doe",
      "content_type": ["people", "personpage"],
      "live": true,
      "has_unpublished_changes": false,
      "url_path": "/home/people/jane-doe/",
      "owner": ["admin"],
      "seo_title": "",
      "show_in_menus": true,
      "search_description": "",
      "go_live_at": null,
      "expire_at": null,
      "expired": false,
      "locked": false,
      "first_published_at": "2019-06-18T13:38:50.834Z",
      "last_published_at": "2019-06-18T13:40:38.005Z",
      "latest_revision_created_at": "2019-06-18T13:40:37.944Z",
      "live_revision": 9
    }
  },
  {
    "model": "wagtailcore.page",
    "pk": 12,
    "fields": {
      "path": "0001000100060002",
      "depth": 4,
      "numchild": 0,
      "title": "John Doe",
      "draft_title": "John Doe",
      "slug": "john-doe",
      "content_type": ["people", "personpage"],
      "live": true,
      "has_unpublished_changes": false,
      "url_path": "/home/people/john-doe/",
      "owner": ["admin"],
      "seo_title": "",
      "show_in_menus": true,
      "search_description": "",
      "go_live_at": null,
      "expire_at": null,
      "expired": false,
      "locked": false,
      "first_published_at": "2019-06-18T13:42:03.130Z",
      "last_published_at": "2019-06-18T13:42:03.130Z",
      "latest_revision_created_at": "2019-06-18T13:42:03.002Z",
      "live_revision": 10
    }
  },
  {
    "model": "wagtailcore.page",
    "pk": 13,
    "fields": {
      "path": "0001000100010001",
      "depth": 4,
      "numchild": 0,
      "title": "Proin faucibus arcu quis ante",
      "draft_title": "Proin faucibus arcu quis ante",
      "slug": "proin-faucibus-arcu-quis-ante",
      "content_type": ["news", "newspage"],
      "live": true,
      "has_unpublished_changes": false,
      "url_path": "/home/news/proin-faucibus-arcu-quis-ante/",
      "owner": ["admin"],
      "seo_title": "",
      "show_in_menus": true,
      "search_description": "",
      "go_live_at": null,
      "expire_at": null,
      "expired": false,
      "locked": false,
      "first_published_at": "2019-06-18T13:53:09.664Z",
      "last_published_at": "2019-06-18T13:53:09.664Z",
      "latest_revision_created_at": "2019-06-18T13:53:09.600Z",
      "live_revision": 13
    }
  },
  {
    "model": "wagtailcore.page",
    "pk": 14,
    "fields": {
      "path": "0001000100010002",
      "depth": 4,
      "numchild": 0,
      "title": "Nam at tortor in tellus",
      "draft_title": "Nam at tortor in tellus",
      "slug": "nam-tortor-tellus",
      "content_type": ["news", "newspage"],
      "live": true,
      "has_unpublished_changes": false,
      "url_path": "/home/news/nam-tortor-tellus/",
      "owner": ["admin"],
      "seo_title": "",
      "show_in_menus": true,
      "search_description": "",
      "go_live_at": null,
      "expire_at": null,
      "expired": false,
      "locked": false,
      "first_published_at": "2019-06-18T13:53:54.192Z",
      "last_published_at": "2019-06-18T13:53:54.192Z",
      "latest_revision_created_at": "2019-06-18T13:53:54.120Z",
      "live_revision": 14
    }
  },
  {
    "model": "wagtailcore.page",
    "pk": 15,
    "fields": {
      "path": "0001000100010003",
      "depth": 4,
      "numchild": 0,
      "title": "Phasellus nec sem in justo",
      "draft_title": "Phasellus nec sem in justo",
      "slug": "phasellus-nec-sem-justo",
      "content_type": ["news", "newspage"],
      "live": true,
      "has_unpublished_changes": false,
      "url_path": "/home/news/phasellus-nec-sem-justo/",
      "owner": ["admin"],
      "seo_title": "",
      "show_in_menus": true,
      "search_description": "",
      "go_live_at": null,
      "expire_at": null,
      "expired": false,
      "locked": false,
      "first_published_at": "2019-06-18T13:55:24.877Z",
      "last_published_at": "2019-06-18T13:55:24.877Z",
      "latest_revision_created_at": "2019-06-18T13:55:24.798Z",
      "live_revision": 15
    }
  },
  {
    "model": "wagtailcore.page",
    "pk": 16,
    "fields": {
      "path": "0001000100020001",
      "depth": 4,
      "numchild": 0,
      "title": "Bake sale",
      "draft_title": "Bake sale",
      "slug": "bake-sale",
      "content_type": ["events", "eventpage"],
      "live": true,
      "has_unpublished_changes": false,
      "url_path": "/home/events/bake-sale/",
      "owner": ["admin"],
      "seo_title": "",
      "show_in_menus": true,
      "search_description": "",
      "go_live_at": null,
      "expire_at": null,
      "expired": false,
      "locked": false,
      "first_published_at": "2019-06-18T14:14:06.964Z",
      "last_published_at": "2019-06-18T14:14:06.964Z",
      "latest_revision_created_at": "2019-06-18T14:14:06.885Z",
      "live_revision": 17
    }
  },
  {
    "model": "wagtailcore.page",
    "pk": 17,
    "fields": {
      "path": "0001000100020002",
      "depth": 4,
      "numchild": 0,
      "title": "Fun Run",
      "draft_title": "Fun Run",
      "slug": "fun-run",
      "content_type": ["events", "eventpage"],
      "live": true,
      "has_unpublished_changes": false,
      "url_path": "/home/events/fun-run/",
      "owner": ["admin"],
      "seo_title": "",
      "show_in_menus": true,
      "search_description": "",
      "go_live_at": null,
      "expire_at": null,
      "expired": false,
      "locked": false,
      "first_published_at": "2019-06-18T14:14:56.659Z",
      "last_published_at": "2019-06-18T14:14:56.659Z",
      "latest_revision_created_at": "2019-06-18T14:14:56.568Z",
      "live_revision": 18
    }
  },
  {
    "model": "wagtailcore.page",
    "pk": 18,
    "fields": {
      "path": "0001000100020003",
      "depth": 4,
      "numchild": 0,
      "title": "Praesent egestas tristique nibh.",
      "draft_title": "Praesent egestas tristique nibh.",
      "slug": "praesent-egestas-tristique-nibh",
      "content_type": ["events", "eventpage"],
      "live": true,
      "has_unpublished_changes": false,
      "url_path": "/home/events/praesent-egestas-tristique-nibh/",
      "owner": ["admin"],
      "seo_title": "",
      "show_in_menus": true,
      "search_description": "",
      "go_live_at": null,
      "expire_at": null,
      "expired": false,
      "locked": false,
      "first_published_at": "2019-06-18T14:15:56.426Z",
      "last_published_at": "2019-06-18T14:15:56.426Z",
      "latest_revision_created_at": "2019-06-18T14:15:56.325Z",
      "live_revision": 19
    }
  },
  {
    "model": "wagtailcore.pagerevision",
    "pk": 1,
    "fields": {
      "page": 4,
      "submitted_for_moderation": false,
      "created_at": "2019-06-18T13:30:39.842Z",
      "user": ["admin"],
      "content_json": "{\"pk\": 4, \"path\": \"000100010001\", \"depth\": 3, \"numchild\": 0, \"title\": \"News\", \"draft_title\": \"News\", \"slug\": \"news\", \"content_type\": 18, \"live\": true, \"has_unpublished_changes\": false, \"url_path\": \"/home/news/\", \"owner\": 1, \"seo_title\": \"\", \"show_in_menus\": true, \"search_description\": \"\", \"go_live_at\": null, \"expire_at\": null, \"expired\": false, \"locked\": false, \"first_published_at\": null, \"last_published_at\": null, \"latest_revision_created_at\": null, \"live_revision\": null, \"social_image\": null, \"social_text\": \"\", \"listing_image\": null, \"listing_title\": \"\", \"listing_summary\": \"\"}",
      "approved_go_live_at": null
    }
  },
  {
    "model": "wagtailcore.pagerevision",
    "pk": 2,
    "fields": {
      "page": 5,
      "submitted_for_moderation": false,
      "created_at": "2019-06-18T13:30:48.210Z",
      "user": ["admin"],
      "content_json": "{\"pk\": 5, \"path\": \"000100010002\", \"depth\": 3, \"numchild\": 0, \"title\": \"Events\", \"draft_title\": \"Events\", \"slug\": \"events\", \"content_type\": 7, \"live\": true, \"has_unpublished_changes\": false, \"url_path\": \"/home/events/\", \"owner\": 1, \"seo_title\": \"\", \"show_in_menus\": true, \"search_description\": \"\", \"go_live_at\": null, \"expire_at\": null, \"expired\": false, \"locked\": false, \"first_published_at\": null, \"last_published_at\": null, \"latest_revision_created_at\": null, \"live_revision\": null, \"social_image\": null, \"social_text\": \"\", \"listing_image\": null, \"listing_title\": \"\", \"listing_summary\": \"\"}",
      "approved_go_live_at": null
    }
  },
  {
    "model": "wagtailcore.pagerevision",
    "pk": 3,
    "fields": {
      "page": 6,
      "submitted_for_moderation": false,
      "created_at": "2019-06-18T13:31:00.351Z",
      "user": ["admin"],
      "content_json": "{\"pk\": 6, \"path\": \"000100010003\", \"depth\": 3, \"numchild\": 0, \"title\": \"Form page\", \"draft_title\": \"Form page\", \"slug\": \"form-page\", \"content_type\": 13, \"live\": true, \"has_unpublished_changes\": false, \"url_path\": \"/home/form-page/\", \"owner\": 1, \"seo_title\": \"\", \"show_in_menus\": true, \"search_description\": \"\", \"go_live_at\": null, \"expire_at\": null, \"expired\": false, \"locked\": false, \"first_published_at\": null, \"last_published_at\": null, \"latest_revision_created_at\": null, \"live_revision\": null, \"social_image\": null, \"social_text\": \"\", \"listing_image\": null, \"listing_title\": \"\", \"listing_summary\": \"\", \"to_address\": \"\", \"from_address\": \"\", \"subject\": \"\", \"introduction\": \"\", \"thank_you_text\": \"<p></p>\", \"action_text\": \"\", \"form_fields\": []}",
      "approved_go_live_at": null
    }
  },
  {
    "model": "wagtailcore.pagerevision",
    "pk": 4,
    "fields": {
      "page": 7,
      "submitted_for_moderation": false,
      "created_at": "2019-06-18T13:31:22.325Z",
      "user": ["admin"],
      "content_json": "{\"pk\": 7, \"path\": \"000100010004\", \"depth\": 3, \"numchild\": 0, \"title\": \"An index page\", \"draft_title\": \"An index page\", \"slug\": \"index-page\", \"content_type\": 28, \"live\": true, \"has_unpublished_changes\": false, \"url_path\": \"/home/index-page/\", \"owner\": 1, \"seo_title\": \"\", \"show_in_menus\": true, \"search_description\": \"\", \"go_live_at\": null, \"expire_at\": null, \"expired\": false, \"locked\": false, \"first_published_at\": null, \"last_published_at\": null, \"latest_revision_created_at\": null, \"live_revision\": null, \"social_image\": null, \"social_text\": \"\", \"listing_image\": null, \"listing_title\": \"\", \"listing_summary\": \"\", \"introduction\": \"\"}",
      "approved_go_live_at": null
    }
  },
  {
    "model": "wagtailcore.pagerevision",
    "pk": 5,
    "fields": {
      "page": 8,
      "submitted_for_moderation": false,
      "created_at": "2019-06-18T13:31:39.229Z",
      "user": ["admin"],
      "content_json": "{\"pk\": 8, \"path\": \"000100010005\", \"depth\": 3, \"numchild\": 0, \"title\": \"Basic information page\", \"draft_title\": \"Basic information page\", \"slug\": \"basic-information-page\", \"content_type\": 29, \"live\": true, \"has_unpublished_changes\": false, \"url_path\": \"/home/basic-information-page/\", \"owner\": 1, \"seo_title\": \"\", \"show_in_menus\": true, \"search_description\": \"\", \"go_live_at\": null, \"expire_at\": null, \"expired\": false, \"locked\": false, \"first_published_at\": null, \"last_published_at\": null, \"latest_revision_created_at\": null, \"live_revision\": null, \"social_image\": null, \"social_text\": \"\", \"listing_image\": null, \"listing_title\": \"\", \"listing_summary\": \"\", \"introduction\": \"\", \"body\": \"[{\\\"type\\\": \\\"paragraph\\\", \\\"value\\\": \\\"<p>a</p>\\\", \\\"id\\\": \\\"f3eea6c2-f541-437e-98bb-8b48f8ab2771\\\"}]\", \"related_pages\": []}",
      "approved_go_live_at": null
    }
  },
  {
    "model": "wagtailcore.pagerevision",
    "pk": 6,
    "fields": {
      "page": 9,
      "submitted_for_moderation": false,
      "created_at": "2019-06-18T13:31:58.037Z",
      "user": ["admin"],
      "content_json": "{\"pk\": 9, \"path\": \"0001000100040001\", \"depth\": 4, \"numchild\": 0, \"title\": \"An information child\", \"draft_title\": \"An information child\", \"slug\": \"information-child\", \"content_type\": 29, \"live\": true, \"has_unpublished_changes\": false, \"url_path\": \"/home/index-page/information-child/\", \"owner\": 1, \"seo_title\": \"\", \"show_in_menus\": true, \"search_description\": \"\", \"go_live_at\": null, \"expire_at\": null, \"expired\": false, \"locked\": false, \"first_published_at\": null, \"last_published_at\": null, \"latest_revision_created_at\": null, \"live_revision\": null, \"social_image\": null, \"social_text\": \"\", \"listing_image\": null, \"listing_title\": \"\", \"listing_summary\": \"\", \"introduction\": \"\", \"body\": \"[{\\\"type\\\": \\\"paragraph\\\", \\\"value\\\": \\\"<p>a</p>\\\", \\\"id\\\": \\\"62b5bc8c-77fb-420b-a231-0972554de6c3\\\"}]\", \"related_pages\": []}",
      "approved_go_live_at": null
    }
  },
  {
    "model": "wagtailcore.pagerevision",
    "pk": 7,
    "fields": {
      "page": 10,
      "submitted_for_moderation": false,
      "created_at": "2019-06-18T13:32:09.866Z",
      "user": ["admin"],
      "content_json": "{\"pk\": 10, \"path\": \"000100010006\", \"depth\": 3, \"numchild\": 0, \"title\": \"People\", \"draft_title\": \"People\", \"slug\": \"people\", \"content_type\": 23, \"live\": true, \"has_unpublished_changes\": false, \"url_path\": \"/home/people/\", \"owner\": 1, \"seo_title\": \"\", \"show_in_menus\": true, \"search_description\": \"\", \"go_live_at\": null, \"expire_at\": null, \"expired\": false, \"locked\": false, \"first_published_at\": null, \"last_published_at\": null, \"latest_revision_created_at\": null, \"live_revision\": null, \"social_image\": null, \"social_text\": \"\", \"listing_image\": null, \"listing_title\": \"\", \"listing_summary\": \"\"}",
      "approved_go_live_at": null
    }
  },
  {
    "model": "wagtailcore.pagerevision",
    "pk": 8,
    "fields": {
      "page": 11,
      "submitted_for_moderation": false,
      "created_at": "2019-06-18T13:38:50.770Z",
      "user": ["admin"],
      "content_json": "{\"pk\": 11, \"path\": \"0001000100060001\", \"depth\": 4, \"numchild\": 0, \"title\": \"Jane Doe\", \"draft_title\": \"Jane Doe\", \"slug\": \"jane-doe\", \"content_type\": 24, \"live\": true, \"has_unpublished_changes\": false, \"url_path\": \"/home/people/jane-doe/\", \"owner\": 1, \"seo_title\": \"\", \"show_in_menus\": true, \"search_description\": \"\", \"go_live_at\": null, \"expire_at\": null, \"expired\": false, \"locked\": false, \"first_published_at\": null, \"last_published_at\": null, \"latest_revision_created_at\": null, \"live_revision\": null, \"social_image\": null, \"social_text\": \"\", \"listing_image\": null, \"listing_title\": \"\", \"listing_summary\": \"\", \"first_name\": \"Jane\", \"last_name\": \"Doe\", \"photo\": null, \"job_title\": \"Editor\", \"introduction\": \"Nunc egestas augue at pellentesque\", \"website\": \"http://torchbox.com\", \"biography\": \"[{\\\"type\\\": \\\"paragraph\\\", \\\"value\\\": \\\"<p>Cras varius. In hac habitasse platea dictumst. Sed augue ipsum, egestas nec, vestibulum et, malesuada adipiscing, dui. Maecenas ullamcorper, dui et placerat feugiat, eros pede varius nisi, condimentum viverra felis nunc et lorem. Nulla neque dolor, sagittis eget, iaculis quis, molestie non, velit.</p><p>Nam at tortor in tellus interdum sagittis. Nunc sed turpis. Pellentesque commodo eros a enim. Donec mi odio, faucibus at, scelerisque quis, convallis in, nisi. Curabitur at lacus ac velit ornare lobortis.</p><p>Aliquam eu nunc. Aenean leo ligula, porttitor eu, consequat vitae, eleifend ac, enim. Nunc sed turpis. Nullam sagittis. Nullam tincidunt adipiscing enim.</p><p>Morbi mattis ullamcorper velit. Praesent nec nisl a purus blandit viverra. Praesent egestas tristique nibh. Proin pretium, leo ac pellentesque mollis, felis nunc ultrices eros, sed gravida augue augue mollis justo. Praesent ut ligula non mi varius sagittis.</p><p>Cras ultricies mi eu turpis hendrerit fringilla. Fusce egestas elit eget lorem. Nunc egestas, augue at pellentesque laoreet, felis eros vehicula leo, at malesuada velit leo quis pede. Sed magna purus, fermentum eu, tincidunt eu, varius ut, felis. Praesent venenatis metus at tortor pulvinar varius.</p>\\\", \\\"id\\\": \\\"f88657b7-e274-4b34-87e0-1d78eb2ab18c\\\"}]\", \"email\": \"jane@wagtail-kit-demo.com\", \"social_media_profile\": [{\"pk\": 1, \"person_page\": 11, \"service\": \"twitter\", \"username\": \"torchbox\"}], \"person_types\": [], \"phone_numbers\": [{\"pk\": 1, \"page\": 11, \"phone_number\": \"01608 811870\"}]}",
      "approved_go_live_at": null
    }
  },
  {
    "model": "wagtailcore.pagerevision",
    "pk": 9,
    "fields": {
      "page": 11,
      "submitted_for_moderation": false,
      "created_at": "2019-06-18T13:40:37.944Z",
      "user": ["admin"],
      "content_json": "{\"pk\": 11, \"path\": \"0001000100060001\", \"depth\": 4, \"numchild\": 0, \"title\": \"Jane Doe\", \"draft_title\": \"Jane Doe\", \"slug\": \"jane-doe\", \"content_type\": 24, \"live\": true, \"has_unpublished_changes\": false, \"url_path\": \"/home/people/jane-doe/\", \"owner\": 1, \"seo_title\": \"\", \"show_in_menus\": true, \"search_description\": \"\", \"go_live_at\": null, \"expire_at\": null, \"expired\": false, \"locked\": false, \"first_published_at\": \"2019-06-18T13:38:50.834Z\", \"last_published_at\": \"2019-06-18T13:38:50.834Z\", \"latest_revision_created_at\": \"2019-06-18T13:38:50.770Z\", \"live_revision\": 8, \"social_image\": null, \"social_text\": \"\", \"listing_image\": null, \"listing_title\": \"\", \"listing_summary\": \"\", \"first_name\": \"Jane\", \"last_name\": \"Doe\", \"photo\": null, \"job_title\": \"Editor\", \"introduction\": \"Nunc egestas augue at pellentesque\", \"website\": \"http://torchbox.com\", \"biography\": \"[{\\\"type\\\": \\\"paragraph\\\", \\\"value\\\": \\\"<p>Cras varius. In hac habitasse platea dictumst. Sed augue ipsum, egestas nec, vestibulum et, malesuada adipiscing, dui. Maecenas ullamcorper, dui et placerat feugiat, eros pede varius nisi, condimentum viverra felis nunc et lorem. Nulla neque dolor, sagittis eget, iaculis quis, molestie non, velit.</p><p>Nam at tortor in tellus interdum sagittis. Nunc sed turpis. Pellentesque commodo eros a enim. Donec mi odio, faucibus at, scelerisque quis, convallis in, nisi. Curabitur at lacus ac velit ornare lobortis.</p><p>Aliquam eu nunc. Aenean leo ligula, porttitor eu, consequat vitae, eleifend ac, enim. Nunc sed turpis. Nullam sagittis. Nullam tincidunt adipiscing enim.</p><p>Morbi mattis ullamcorper velit. Praesent nec nisl a purus blandit viverra. Praesent egestas tristique nibh. Proin pretium, leo ac pellentesque mollis, felis nunc ultrices eros, sed gravida augue augue mollis justo. Praesent ut ligula non mi varius sagittis.</p><p>Cras ultricies mi eu turpis hendrerit fringilla. Fusce egestas elit eget lorem. Nunc egestas, augue at pellentesque laoreet, felis eros vehicula leo, at malesuada velit leo quis pede. Sed magna purus, fermentum eu, tincidunt eu, varius ut, felis. Praesent venenatis metus at tortor pulvinar varius.</p>\\\", \\\"id\\\": \\\"f88657b7-e274-4b34-87e0-1d78eb2ab18c\\\"}]\", \"email\": \"jane@wagtail-kit-demo.com\", \"social_media_profile\": [{\"pk\": 1, \"person_page\": 11, \"service\": \"twitter\", \"username\": \"torchbox\"}], \"person_types\": [{\"pk\": null, \"page\": 11, \"person_type\": 1}], \"phone_numbers\": [{\"pk\": 1, \"page\": 11, \"phone_number\": \"01608 811870\"}]}",
      "approved_go_live_at": null
    }
  },
  {
    "model": "wagtailcore.pagerevision",
    "pk": 10,
    "fields": {
      "page": 12,
      "submitted_for_moderation": false,
      "created_at": "2019-06-18T13:42:03.002Z",
      "user": ["admin"],
      "content_json": "{\"pk\": 12, \"path\": \"0001000100060002\", \"depth\": 4, \"numchild\": 0, \"title\": \"John Doe\", \"draft_title\": \"John Doe\", \"slug\": \"john-doe\", \"content_type\": 24, \"live\": true, \"has_unpublished_changes\": false, \"url_path\": \"/home/people/john-doe/\", \"owner\": 1, \"seo_title\": \"\", \"show_in_menus\": true, \"search_description\": \"\", \"go_live_at\": null, \"expire_at\": null, \"expired\": false, \"locked\": false, \"first_published_at\": null, \"last_published_at\": null, \"latest_revision_created_at\": null, \"live_revision\": null, \"social_image\": null, \"social_text\": \"\", \"listing_image\": null, \"listing_title\": \"\", \"listing_summary\": \"\", \"first_name\": \"John\", \"last_name\": \"Doe\", \"photo\": null, \"job_title\": \"Fund manager\", \"introduction\": \"Aenean posuere tortor sed cursus\", \"website\": \"https://torchbox.com\", \"biography\": \"[{\\\"type\\\": \\\"paragraph\\\", \\\"value\\\": \\\"<p>Phasellus dolor. Etiam sit amet orci eget eros faucibus tincidunt. Vestibulum ullamcorper mauris at ligula. Sed hendrerit. Praesent turpis.</p><p>Sed libero. Pellentesque commodo eros a enim. Aenean imperdiet. Suspendisse eu ligula. Praesent egestas neque eu enim.</p><p>Ut leo. Nulla porta dolor. Curabitur vestibulum aliquam leo. Fusce convallis metus id felis luctus adipiscing. Pellentesque libero tortor, tincidunt et, tincidunt eget, semper nec, quam.</p><h3>Heading 3</h3><p>Curabitur vestibulum aliquam leo. Maecenas tempus, tellus eget condimentum rhoncus, sem quam semper libero, sit amet adipiscing sem neque sed ipsum. Praesent egestas neque eu enim. Nam ipsum risus, rutrum vitae, vestibulum eu, molestie vel, lacus. Ut id nisl quis enim dignissim sagittis.</p><p>Donec mi odio, faucibus at, scelerisque quis, convallis in, nisi. Suspendisse potenti. Pellentesque habitant morbi tristique senectus et netus et malesuada fames ac turpis egestas. In turpis. In ac felis quis tortor malesuada pretium.</p>\\\", \\\"id\\\": \\\"c79004bb-ee5b-4dff-923c-4be76acd73f9\\\"}]\", \"email\": \"john@wagtail-kit-demo.com\", \"social_media_profile\": [{\"pk\": 2, \"person_page\": 12, \"service\": \"twitter\", \"username\": \"torchbox\"}], \"person_types\": [{\"pk\": 2, \"page\": 12, \"person_type\": 3}], \"phone_numbers\": []}",
      "approved_go_live_at": null
    }
  },
  {
    "model": "wagtailcore.pagerevision",
    "pk": 11,
    "fields": {
      "page": 7,
      "submitted_for_moderation": false,
      "created_at": "2019-06-18T13:42:31.737Z",
      "user": ["admin"],
      "content_json": "{\"pk\": 7, \"path\": \"000100010004\", \"depth\": 3, \"numchild\": 1, \"title\": \"An index page\", \"draft_title\": \"An index page\", \"slug\": \"index-page\", \"content_type\": 28, \"live\": true, \"has_unpublished_changes\": false, \"url_path\": \"/home/index-page/\", \"owner\": 1, \"seo_title\": \"\", \"show_in_menus\": true, \"search_description\": \"\", \"go_live_at\": null, \"expire_at\": null, \"expired\": false, \"locked\": false, \"first_published_at\": \"2019-06-18T13:31:22.373Z\", \"last_published_at\": \"2019-06-18T13:31:22.373Z\", \"latest_revision_created_at\": \"2019-06-18T13:31:22.325Z\", \"live_revision\": 4, \"social_image\": null, \"social_text\": \"\", \"listing_image\": null, \"listing_title\": \"\", \"listing_summary\": \"\", \"introduction\": \"Morbi ac felis. Curabitur suscipit suscipit tellus. Phasellus viverra nulla ut metus varius laoreet. Fusce neque. Nam commodo suscipit quam.\"}",
      "approved_go_live_at": null
    }
  },
  {
    "model": "wagtailcore.pagerevision",
    "pk": 12,
    "fields": {
      "page": 9,
      "submitted_for_moderation": false,
      "created_at": "2019-06-18T13:43:50.917Z",
      "user": ["admin"],
      "content_json": "{\"pk\": 9, \"path\": \"0001000100040001\", \"depth\": 4, \"numchild\": 0, \"title\": \"An information child\", \"draft_title\": \"An information child\", \"slug\": \"information-child\", \"content_type\": 29, \"live\": true, \"has_unpublished_changes\": false, \"url_path\": \"/home/index-page/information-child/\", \"owner\": 1, \"seo_title\": \"\", \"show_in_menus\": true, \"search_description\": \"\", \"go_live_at\": null, \"expire_at\": null, \"expired\": false, \"locked\": false, \"first_published_at\": \"2019-06-18T13:31:58.078Z\", \"last_published_at\": \"2019-06-18T13:31:58.078Z\", \"latest_revision_created_at\": \"2019-06-18T13:31:58.037Z\", \"live_revision\": 6, \"social_image\": null, \"social_text\": \"\", \"listing_image\": null, \"listing_title\": \"\", \"listing_summary\": \"\", \"introduction\": \"Morbi ac felis. Curabitur suscipit suscipit tellus. Phasellus viverra nulla ut metus varius laoreet. Fusce neque. Nam commodo suscipit quam.\", \"body\": \"[{\\\"type\\\": \\\"heading\\\", \\\"value\\\": \\\"Heading Block\\\", \\\"id\\\": \\\"5fc2ab19-92c4-4c7b-a9dd-46c5abda22ac\\\"}, {\\\"type\\\": \\\"paragraph\\\", \\\"value\\\": \\\"<p>Praesent ac massa at ligula laoreet iaculis.. Phasellus ullamcorper ipsum rutrum nunc. Nulla porta dolor. Curabitur suscipit suscipit tellus.</p><p>Nam eget dui. Nulla porta dolor. Cras ultricies mi eu turpis hendrerit fringilla. Fusce risus nisl, viverra et, tempor et, pretium in, sapien. Praesent ac massa at ligula laoreet iaculis.</p>\\\", \\\"id\\\": \\\"62b5bc8c-77fb-420b-a231-0972554de6c3\\\"}, {\\\"type\\\": \\\"embed\\\", \\\"value\\\": \\\"https://vimeo.com/86036070\\\", \\\"id\\\": \\\"6614f8f9-458c-4d59-bd3a-2a3d8c278275\\\"}, {\\\"type\\\": \\\"quote\\\", \\\"value\\\": {\\\"quote\\\": \\\"Phasellus ullamcorper ipsum rutrum nunc.\\\", \\\"attribution\\\": \\\"Miles Davis\\\"}, \\\"id\\\": \\\"53d4a2e6-f723-4a9c-91b8-294fac36131d\\\"}]\", \"related_pages\": []}",
      "approved_go_live_at": null
    }
  },
  {
    "model": "wagtailcore.pagerevision",
    "pk": 13,
    "fields": {
      "page": 13,
      "submitted_for_moderation": false,
      "created_at": "2019-06-18T13:53:09.600Z",
      "user": ["admin"],
      "content_json": "{\"pk\": 13, \"path\": \"0001000100010001\", \"depth\": 4, \"numchild\": 0, \"title\": \"Proin faucibus arcu quis ante\", \"draft_title\": \"Proin faucibus arcu quis ante\", \"slug\": \"proin-faucibus-arcu-quis-ante\", \"content_type\": 19, \"live\": true, \"has_unpublished_changes\": false, \"url_path\": \"/home/news/proin-faucibus-arcu-quis-ante/\", \"owner\": 1, \"seo_title\": \"\", \"show_in_menus\": true, \"search_description\": \"\", \"go_live_at\": null, \"expire_at\": null, \"expired\": false, \"locked\": false, \"first_published_at\": null, \"last_published_at\": null, \"latest_revision_created_at\": null, \"live_revision\": null, \"social_image\": null, \"social_text\": \"\", \"listing_image\": null, \"listing_title\": \"\", \"listing_summary\": \"\", \"publication_date\": \"2019-06-18T13:52:00Z\", \"introduction\": \"Fusce neque. Nunc nec neque. Donec sodales sagittis magna. Phasellus a est. Cras risus ipsum, faucibus ut, ullamcorper id, varius ac, leo.\", \"body\": \"[{\\\"type\\\": \\\"paragraph\\\", \\\"value\\\": \\\"<p>Fusce vulputate eleifend sapien. Ut leo. Pellentesque auctor neque nec urna. Suspendisse nisl elit, rhoncus eget, elementum ac, condimentum eget, diam. Aliquam erat volutpat.</p><p>In auctor lobortis lacus. Ut leo. Sed hendrerit. Etiam vitae tortor. Phasellus tempus.</p><p>In hac habitasse platea dictumst. Maecenas nec odio et ante tincidunt tempus. Maecenas ullamcorper, dui et placerat feugiat, eros pede varius nisi, condimentum viverra felis nunc et lorem. Fusce commodo aliquam arcu. Proin faucibus arcu quis ante.</p><p>Cras ultricies mi eu turpis hendrerit fringilla. Pellentesque egestas, neque sit amet convallis pulvinar, justo nulla eleifend augue, ac auctor orci leo non est. Pellentesque posuere. Praesent metus tellus, elementum eu, semper a, adipiscing nec, purus. Sed hendrerit.</p>\\\", \\\"id\\\": \\\"48feba73-cc2f-43d8-9fd4-91d2aab8f966\\\"}, {\\\"type\\\": \\\"heading\\\", \\\"value\\\": \\\"Heading title\\\", \\\"id\\\": \\\"a30141f0-66c6-4c7d-8668-e5a49e35e091\\\"}, {\\\"type\\\": \\\"paragraph\\\", \\\"value\\\": \\\"<p>Pellentesque habitant morbi tristique senectus et netus et malesuada fames ac turpis egestas. Proin magna. Pellentesque auctor neque nec urna. Curabitur at lacus ac velit ornare lobortis. Pellentesque libero tortor, tincidunt et, tincidunt eget, semper nec, quam.</p><p>Fusce convallis metus id felis luctus adipiscing. Phasellus tempus. Donec posuere vulputate arcu. In enim justo, rhoncus ut, imperdiet a, venenatis vitae, justo. Praesent vestibulum dapibus nibh.</p><p>Sed cursus turpis vitae tortor. Maecenas malesuada. Praesent porttitor, nulla vitae posuere iaculis, arcu nisl dignissim dolor, a pretium mi sem ut ipsum. Nulla facilisi. Maecenas egestas arcu quis ligula mattis placerat.</p><p>Proin sapien ipsum, porta a, auctor quis, euismod ut, mi. Pellentesque auctor neque nec urna. Nullam quis ante. Maecenas malesuada. Vestibulum ante ipsum primis in faucibus orci luctus et ultrices posuere cubilia Curae; Sed aliquam, nisi quis porttitor congue, elit erat euismod orci, ac placerat dolor lectus quis orci.</p><p>Fusce fermentum. Sed augue ipsum, egestas nec, vestibulum et, malesuada adipiscing, dui. Nam pretium turpis et arcu. Aenean posuere, tortor sed cursus feugiat, nunc augue blandit nunc, eu sollicitudin urna dolor sagittis lacus. Donec mi odio, faucibus at, scelerisque quis, convallis in, nisi.</p>\\\", \\\"id\\\": \\\"0c3181ec-99aa-4b26-bcc8-13c824e7e037\\\"}]\", \"news_types\": [{\"pk\": 1, \"page\": 13, \"news_type\": 1}], \"related_pages\": []}",
      "approved_go_live_at": null
    }
  },
  {
    "model": "wagtailcore.pagerevision",
    "pk": 14,
    "fields": {
      "page": 14,
      "submitted_for_moderation": false,
      "created_at": "2019-06-18T13:53:54.120Z",
      "user": ["admin"],
      "content_json": "{\"pk\": 14, \"path\": \"0001000100010002\", \"depth\": 4, \"numchild\": 0, \"title\": \"Nam at tortor in tellus\", \"draft_title\": \"Nam at tortor in tellus\", \"slug\": \"nam-tortor-tellus\", \"content_type\": 19, \"live\": true, \"has_unpublished_changes\": false, \"url_path\": \"/home/news/nam-tortor-tellus/\", \"owner\": 1, \"seo_title\": \"\", \"show_in_menus\": true, \"search_description\": \"\", \"go_live_at\": null, \"expire_at\": null, \"expired\": false, \"locked\": false, \"first_published_at\": null, \"last_published_at\": null, \"latest_revision_created_at\": null, \"live_revision\": null, \"social_image\": null, \"social_text\": \"\", \"listing_image\": null, \"listing_title\": \"\", \"listing_summary\": \"\", \"publication_date\": \"2019-06-15T13:53:00Z\", \"introduction\": \"In consectetuer turpis ut velit. Donec vitae orci sed dolor rutrum auctor. Nullam tincidunt adipiscing enim. Aliquam lobortis. Donec pede justo, fringilla vel, aliquet nec, vulputate eget, arcu.\", \"body\": \"[{\\\"type\\\": \\\"paragraph\\\", \\\"value\\\": \\\"<p>Suspendisse potenti. Vivamus consectetuer hendrerit lacus. Mauris sollicitudin fermentum libero. Pellentesque posuere. Suspendisse potenti.</p><p>Ut tincidunt tincidunt erat. Duis arcu tortor, suscipit eget, imperdiet nec, imperdiet iaculis, ipsum. Cras non dolor. Phasellus ullamcorper ipsum rutrum nunc. Aenean tellus metus, bibendum sed, posuere ac, mattis non, nunc.</p><h3>Heading 3</h3><p>Phasellus tempus. Suspendisse feugiat. Maecenas nec odio et ante tincidunt tempus. Vivamus consectetuer hendrerit lacus. Suspendisse nisl elit, rhoncus eget, elementum ac, condimentum eget, diam.</p><p>Aenean imperdiet. Nulla neque dolor, sagittis eget, iaculis quis, molestie non, velit. Ut leo. Nulla facilisi. Nunc sed turpis.</p><p>Praesent nonummy mi in odio. Nullam dictum felis eu pede mollis pretium. In auctor lobortis lacus. Vestibulum turpis sem, aliquet eget, lobortis pellentesque, rutrum eu, nisl. Vestibulum volutpat pretium libero.</p><p>Fusce ac felis sit amet ligula pharetra condimentum. Phasellus blandit leo ut odio. In ac felis quis tortor malesuada pretium. Nullam nulla eros, ultricies sit amet, nonummy id, imperdiet feugiat, pede. Vivamus laoreet.</p>\\\", \\\"id\\\": \\\"1040eb7a-223e-4d3f-9e37-9f2827b93974\\\"}]\", \"news_types\": [{\"pk\": 2, \"page\": 14, \"news_type\": 2}], \"related_pages\": []}",
      "approved_go_live_at": null
    }
  },
  {
    "model": "wagtailcore.pagerevision",
    "pk": 15,
    "fields": {
      "page": 15,
      "submitted_for_moderation": false,
      "created_at": "2019-06-18T13:55:24.798Z",
      "user": ["admin"],
      "content_json": "{\"pk\": 15, \"path\": \"0001000100010003\", \"depth\": 4, \"numchild\": 0, \"title\": \"Phasellus nec sem in justo\", \"draft_title\": \"Phasellus nec sem in justo\", \"slug\": \"phasellus-nec-sem-justo\", \"content_type\": 19, \"live\": true, \"has_unpublished_changes\": false, \"url_path\": \"/home/news/phasellus-nec-sem-justo/\", \"owner\": 1, \"seo_title\": \"\", \"show_in_menus\": true, \"search_description\": \"\", \"go_live_at\": null, \"expire_at\": null, \"expired\": false, \"locked\": false, \"first_published_at\": null, \"last_published_at\": null, \"latest_revision_created_at\": null, \"live_revision\": null, \"social_image\": null, \"social_text\": \"\", \"listing_image\": null, \"listing_title\": \"\", \"listing_summary\": \"\", \"publication_date\": \"2019-06-13T13:54:00Z\", \"introduction\": \"Donec sodales sagittis magna. Vivamus in erat ut urna cursus vestibulum. Nunc sed turpis. Duis lobortis massa imperdiet quam. Duis lobortis massa imperdiet quam.\", \"body\": \"[{\\\"type\\\": \\\"paragraph\\\", \\\"value\\\": \\\"<p>Fusce vel dui. Phasellus nec sem in justo pellentesque facilisis. Donec vitae orci sed dolor rutrum auctor. Vivamus consectetuer hendrerit lacus. Vestibulum ante ipsum primis in faucibus orci luctus et ultrices posuere cubilia Curae; Fusce id purus.</p><p>Sed aliquam ultrices mauris. Donec venenatis vulputate lorem. Fusce egestas elit eget lorem. Nunc nec neque. Sed mollis, eros et ultrices tempus, mauris ipsum aliquam libero, non adipiscing dolor urna a orci.Maecenas nec odio et ante tincidunt tempus. Sed consequat, leo eget bibendum sodales, augue velit cursus nunc, quis gravida magna mi a libero. Proin magna. Nullam tincidunt adipiscing enim. Vestibulum ante ipsum primis in faucibus orci luctus et ultrices posuere cubilia Curae; Sed aliquam, nisi quis porttitor congue, elit erat euismod orci, ac placerat dolor lectus quis orci.</p><p></p><p>Vestibulum rutrum, mi nec elementum vehicula, eros quam gravida nisl, id fringilla neque ante vel mi. Suspendisse eu ligula. Mauris sollicitudin fermentum libero. Maecenas nec odio et ante tincidunt tempus. Morbi mollis tellus ac sapien.Integer tincidunt. Aliquam eu nunc. In ac felis quis tortor malesuada pretium. Phasellus leo dolor, tempus non, auctor et, hendrerit quis, nisi. Praesent ut ligula non mi varius sagittis.</p>\\\", \\\"id\\\": \\\"64403f71-329c-40ee-be93-b7c8cf130f95\\\"}, {\\\"type\\\": \\\"heading\\\", \\\"value\\\": \\\"Heading Title\\\", \\\"id\\\": \\\"d7bda574-91de-4045-b9ae-85d9b3b121e0\\\"}, {\\\"type\\\": \\\"quote\\\", \\\"value\\\": {\\\"quote\\\": \\\"Maecenas malesuada. Etiam imperdiet imperdiet orci.\\\", \\\"attribution\\\": \\\"John Doe\\\"}, \\\"id\\\": \\\"7e0e5364-1ebb-4f39-b739-a1c6954f4572\\\"}, {\\\"type\\\": \\\"paragraph\\\", \\\"value\\\": \\\"<p>Vivamus aliquet elit ac nisl. Fusce vel dui. Pellentesque dapibus hendrerit tortor. Sed in libero ut nibh placerat accumsan. Nunc sed turpis.</p><p>Vestibulum volutpat pretium libero. Donec pede justo, fringilla vel, aliquet nec, vulputate eget, arcu. Sed cursus turpis vitae tortor. Nullam accumsan lorem in dui. In dui magna, posuere eget, vestibulum et, tempor auctor, justo.</p><p>Quisque id odio. Phasellus gravida semper nisi. Phasellus tempus. Sed cursus turpis vitae tortor. Cras varius.</p>\\\", \\\"id\\\": \\\"e704bc15-93ea-4ddc-9fcb-2dd331f1f6ac\\\"}]\", \"news_types\": [{\"pk\": 3, \"page\": 15, \"news_type\": 3}], \"related_pages\": []}",
      "approved_go_live_at": null
    }
  },
  {
    "model": "wagtailcore.pagerevision",
    "pk": 16,
    "fields": {
      "page": 6,
      "submitted_for_moderation": false,
      "created_at": "2019-06-18T13:57:34.162Z",
      "user": ["admin"],
      "content_json": "{\"pk\": 6, \"path\": \"0001000100040002\", \"depth\": 4, \"numchild\": 0, \"title\": \"Form page\", \"draft_title\": \"Form page\", \"slug\": \"form-page\", \"content_type\": 13, \"live\": true, \"has_unpublished_changes\": false, \"url_path\": \"/home/index-page/form-page/\", \"owner\": 1, \"seo_title\": \"\", \"show_in_menus\": true, \"search_description\": \"\", \"go_live_at\": null, \"expire_at\": null, \"expired\": false, \"locked\": false, \"first_published_at\": \"2019-06-18T13:31:00.395Z\", \"last_published_at\": \"2019-06-18T13:31:00.395Z\", \"latest_revision_created_at\": \"2019-06-18T13:31:00.351Z\", \"live_revision\": 3, \"social_image\": null, \"social_text\": \"\", \"listing_image\": null, \"listing_title\": \"\", \"listing_summary\": \"\", \"to_address\": \"\", \"from_address\": \"\", \"subject\": \"\", \"introduction\": \"Aenean leo ligula, porttitor eu, consequat vitae, eleifend ac, enim. Suspendisse non nisl sit amet velit hendrerit rutrum. Morbi mattis ullamcorper velit. In enim justo, rhoncus ut, imperdiet a, venenatis vitae, justo. Nam at tortor in tellus interdum sagittis.\", \"thank_you_text\": \"<p>Thank you for filling our survey</p>\", \"action_text\": \"\", \"form_fields\": [{\"pk\": null, \"sort_order\": 0, \"label\": \"Name\", \"field_type\": \"singleline\", \"required\": true, \"choices\": \"\", \"default_value\": \"\", \"help_text\": \"Your full name\", \"page\": 6}, {\"pk\": null, \"sort_order\": 1, \"label\": \"Occupation\", \"field_type\": \"singleline\", \"required\": true, \"choices\": \"\", \"default_value\": \"\", \"help_text\": \"\", \"page\": 6}, {\"pk\": null, \"sort_order\": 2, \"label\": \"Favourite Colour\", \"field_type\": \"radio\", \"required\": true, \"choices\": \"red, blue, green, yellow, purple\", \"default_value\": \"\", \"help_text\": \"\", \"page\": 6}]}",
      "approved_go_live_at": null
    }
  },
  {
    "model": "wagtailcore.pagerevision",
    "pk": 17,
    "fields": {
      "page": 16,
      "submitted_for_moderation": false,
      "created_at": "2019-06-18T14:14:06.885Z",
      "user": ["admin"],
      "content_json": "{\"pk\": 16, \"path\": \"0001000100020001\", \"depth\": 4, \"numchild\": 0, \"title\": \"Bake sale\", \"draft_title\": \"Bake sale\", \"slug\": \"bake-sale\", \"content_type\": 8, \"live\": true, \"has_unpublished_changes\": false, \"url_path\": \"/home/events/bake-sale/\", \"owner\": 1, \"seo_title\": \"\", \"show_in_menus\": true, \"search_description\": \"\", \"go_live_at\": null, \"expire_at\": null, \"expired\": false, \"locked\": false, \"first_published_at\": null, \"last_published_at\": null, \"latest_revision_created_at\": null, \"live_revision\": null, \"social_image\": null, \"social_text\": \"\", \"listing_image\": null, \"listing_title\": \"\", \"listing_summary\": \"\", \"start_date\": \"2019-06-29\", \"start_time\": \"12:00:00\", \"end_date\": \"2019-06-29\", \"end_time\": \"17:00:00\", \"street_address_1\": \"Unit 9\", \"street_address_2\": \"Southill Business Park\", \"city\": \"Charlbury\", \"region\": \"Oxfordshire\", \"postcode\": \"OX7 3EW\", \"country\": \"UK\", \"introduction\": \"In hac habitasse platea dictumst. Praesent ac sem eget est egestas volutpat. Nullam cursus lacinia erat. Donec mollis hendrerit risus. Donec mollis hendrerit risus.\", \"body\": \"[{\\\"type\\\": \\\"paragraph\\\", \\\"value\\\": \\\"<p>Quisque libero metus, condimentum nec, tempor a, commodo mollis, magna. Integer tincidunt. Nullam cursus lacinia erat. Suspendisse nisl elit, rhoncus eget, elementum ac, condimentum eget, diam. In auctor lobortis lacus.</p><p>Phasellus accumsan cursus velit. Nunc sed turpis. Morbi mollis tellus ac sapien. Praesent porttitor, nulla vitae posuere iaculis, arcu nisl dignissim dolor, a pretium mi sem ut ipsum. Donec orci lectus, aliquam ut, faucibus non, euismod id, nulla.</p><p>Praesent metus tellus, elementum eu, semper a, adipiscing nec, purus. Sed cursus turpis vitae tortor. Cras risus ipsum, faucibus ut, ullamcorper id, varius ac, leo. Sed fringilla mauris sit amet nibh. Quisque id odio.</p><p>In auctor lobortis lacus. Donec venenatis vulputate lorem. Sed mollis, eros et ultrices tempus, mauris ipsum aliquam libero, non adipiscing dolor urna a orci. Aliquam lobortis. Phasellus blandit leo ut odio.</p>\\\", \\\"id\\\": \\\"367869b2-39ad-47a6-904b-aa644f8c90f1\\\"}]\", \"related_pages\": [], \"event_types\": [{\"pk\": 1, \"event_type\": 1, \"page\": 16}]}",
      "approved_go_live_at": null
    }
  },
  {
    "model": "wagtailcore.pagerevision",
    "pk": 18,
    "fields": {
      "page": 17,
      "submitted_for_moderation": false,
      "created_at": "2019-06-18T14:14:56.568Z",
      "user": ["admin"],
      "content_json": "{\"pk\": 17, \"path\": \"0001000100020002\", \"depth\": 4, \"numchild\": 0, \"title\": \"Fun Run\", \"draft_title\": \"Fun Run\", \"slug\": \"fun-run\", \"content_type\": 8, \"live\": true, \"has_unpublished_changes\": false, \"url_path\": \"/home/events/fun-run/\", \"owner\": 1, \"seo_title\": \"\", \"show_in_menus\": true, \"search_description\": \"\", \"go_live_at\": null, \"expire_at\": null, \"expired\": false, \"locked\": false, \"first_published_at\": null, \"last_published_at\": null, \"latest_revision_created_at\": null, \"live_revision\": null, \"social_image\": null, \"social_text\": \"\", \"listing_image\": null, \"listing_title\": \"\", \"listing_summary\": \"\", \"start_date\": \"2019-06-30\", \"start_time\": \"13:00:00\", \"end_date\": \"2019-06-30\", \"end_time\": \"15:00:00\", \"street_address_1\": \"Unit 9\", \"street_address_2\": \"Southill Business Park\", \"city\": \"Charlbury\", \"region\": \"Oxfordshire\", \"postcode\": \"OX7 3EW\", \"country\": \"United Kingdom\", \"introduction\": \"Maecenas egestas arcu quis ligula mattis placerat. Maecenas nec odio et ante tincidunt tempus. Duis lobortis massa imperdiet quam. Praesent blandit laoreet nibh. Praesent ac massa at ligula laoreet iaculis.\", \"body\": \"[{\\\"type\\\": \\\"paragraph\\\", \\\"value\\\": \\\"<p>Sed in libero ut nibh placerat accumsan. Nulla porta dolor. Nullam sagittis. Curabitur ligula sapien, tincidunt non, euismod vitae, posuere imperdiet, leo. Donec sodales sagittis magna.</p><p>Nunc nulla. Sed aliquam ultrices mauris. Nullam quis ante. Morbi mattis ullamcorper velit. Donec orci lectus, aliquam ut, faucibus non, euismod id, nulla.</p><p>Suspendisse potenti. Donec sodales sagittis magna. In ut quam vitae odio lacinia tincidunt. Sed fringilla mauris sit amet nibh. Pellentesque habitant morbi tristique senectus et netus et malesuada fames ac turpis egestas.</p>\\\", \\\"id\\\": \\\"1d8f2c07-a77e-48d3-adc9-5df388c87b11\\\"}]\", \"related_pages\": [{\"pk\": 1, \"sort_order\": 0, \"page\": 16, \"source_page\": 17}], \"event_types\": [{\"pk\": 2, \"event_type\": 1, \"page\": 17}]}",
      "approved_go_live_at": null
    }
  },
  {
    "model": "wagtailcore.pagerevision",
    "pk": 19,
    "fields": {
      "page": 18,
      "submitted_for_moderation": false,
      "created_at": "2019-06-18T14:15:56.325Z",
      "user": ["admin"],
      "content_json": "{\"pk\": 18, \"path\": \"0001000100020003\", \"depth\": 4, \"numchild\": 0, \"title\": \"Praesent egestas tristique nibh.\", \"draft_title\": \"Praesent egestas tristique nibh.\", \"slug\": \"praesent-egestas-tristique-nibh\", \"content_type\": 8, \"live\": true, \"has_unpublished_changes\": false, \"url_path\": \"/home/events/praesent-egestas-tristique-nibh/\", \"owner\": 1, \"seo_title\": \"\", \"show_in_menus\": true, \"search_description\": \"\", \"go_live_at\": null, \"expire_at\": null, \"expired\": false, \"locked\": false, \"first_published_at\": null, \"last_published_at\": null, \"latest_revision_created_at\": null, \"live_revision\": null, \"social_image\": null, \"social_text\": \"\", \"listing_image\": null, \"listing_title\": \"\", \"listing_summary\": \"\", \"start_date\": \"2019-07-06\", \"start_time\": \"15:00:00\", \"end_date\": \"2019-07-07\", \"end_time\": \"15:00:00\", \"street_address_1\": \"Unit 9\", \"street_address_2\": \"Southill Business Park\", \"city\": \"Charlbury\", \"region\": \"Oxfordshire\", \"postcode\": \"OX7 3EW\", \"country\": \"United Kingdom\", \"introduction\": \"Sed fringilla mauris sit amet\", \"body\": \"[{\\\"type\\\": \\\"paragraph\\\", \\\"value\\\": \\\"<p>Praesent adipiscing. Pellentesque dapibus hendrerit tortor. Cras sagittis. Maecenas egestas arcu quis ligula mattis placerat. Curabitur ullamcorper ultricies nisi.</p><p>Pellentesque posuere. Praesent turpis. Pellentesque habitant morbi tristique senectus et netus et malesuada fames ac turpis egestas. Cras dapibus. Lorem ipsum dolor sit amet, consectetuer adipiscing elit.</p><p>Curabitur at lacus ac velit ornare lobortis. Sed in libero ut nibh placerat accumsan. Vivamus consectetuer hendrerit lacus. Maecenas vestibulum mollis diam. Class aptent taciti sociosqu ad litora torquent per conubia nostra, per inceptos hymenaeos.</p><p>Nam adipiscing. Suspendisse non nisl sit amet velit hendrerit rutrum. Curabitur blandit mollis lacus. Nam eget dui. Vestibulum ullamcorper mauris at ligula.</p>\\\", \\\"id\\\": \\\"db865884-d26a-4d37-b7e1-5a81c5b049c3\\\"}]\", \"related_pages\": [], \"event_types\": [{\"pk\": 3, \"event_type\": 2, \"page\": 18}]}",
      "approved_go_live_at": null
    }
  },
  {
    "model": "wagtailcore.pagerevision",
    "pk": 20,
    "fields": {
      "page": 8,
      "submitted_for_moderation": false,
      "created_at": "2019-06-18T14:17:28.373Z",
      "user": ["admin"],
      "content_json": "{\"pk\": 8, \"path\": \"000100010005\", \"depth\": 3, \"numchild\": 0, \"title\": \"Basic information page\", \"draft_title\": \"Basic information page\", \"slug\": \"basic-information-page\", \"content_type\": 29, \"live\": true, \"has_unpublished_changes\": false, \"url_path\": \"/home/basic-information-page/\", \"owner\": 1, \"seo_title\": \"\", \"show_in_menus\": true, \"search_description\": \"\", \"go_live_at\": null, \"expire_at\": null, \"expired\": false, \"locked\": false, \"first_published_at\": \"2019-06-18T13:31:39.282Z\", \"last_published_at\": \"2019-06-18T13:31:39.282Z\", \"latest_revision_created_at\": \"2019-06-18T13:31:39.229Z\", \"live_revision\": 5, \"social_image\": null, \"social_text\": \"\", \"listing_image\": null, \"listing_title\": \"\", \"listing_summary\": \"\", \"introduction\": \"Sed consequat, leo eget bibendum sodales, augue velit cursus nunc, quis gravida magna mi a libero. In hac habitasse platea dictumst. Vestibulum ante ipsum primis in faucibus orci luctus et ultrices posuere cubilia Curae; Fusce id purus. Praesent ac massa at ligula laoreet iaculis. Pellentesque ut neque.\", \"body\": \"[{\\\"type\\\": \\\"paragraph\\\", \\\"value\\\": \\\"<p>Praesent egestas tristique nibh. Phasellus consectetuer vestibulum elit. Quisque malesuada placerat nisl. Pellentesque auctor neque nec urna. Aenean vulputate eleifend tellus.</p><p>Nam commodo suscipit quam. Ut varius tincidunt libero. Proin faucibus arcu quis ante. Morbi mollis tellus ac sapien. Phasellus gravida semper nisi.</p><ul><li>Item 1</li><li>Item 2</li></ul><p>Cras sagittis. Nam pretium turpis et arcu. Praesent vestibulum dapibus nibh. Phasellus magna. Vestibulum suscipit nulla quis orci.</p>\\\", \\\"id\\\": \\\"f3eea6c2-f541-437e-98bb-8b48f8ab2771\\\"}, {\\\"type\\\": \\\"embed\\\", \\\"value\\\": \\\"https://www.youtube.com/watch?v=oUJNweMWwVQ\\\", \\\"id\\\": \\\"58fd090e-43ba-4c02-86fe-dbd9de1475c3\\\"}, {\\\"type\\\": \\\"paragraph\\\", \\\"value\\\": \\\"<p>Praesent egestas tristique nibh. Phasellus consectetuer vestibulum elit. Quisque malesuada placerat nisl. Pellentesque auctor neque nec urna. Aenean vulputate eleifend tellus.</p><p></p>\\\", \\\"id\\\": \\\"107fb471-36d9-4d70-8aa0-8530d678b66a\\\"}]\", \"related_pages\": []}",
      "approved_go_live_at": null
    }
  },
  {
    "model": "wagtailcore.pagerevision",
    "pk": 21,
    "fields": {
      "page": 8,
      "submitted_for_moderation": false,
      "created_at": "2019-06-18T14:18:31.744Z",
      "user": ["admin"],
      "content_json": "{\"pk\": 8, \"path\": \"000100010005\", \"depth\": 3, \"numchild\": 0, \"title\": \"Basic information page\", \"draft_title\": \"Basic information page\", \"slug\": \"basic-information-page\", \"content_type\": 29, \"live\": true, \"has_unpublished_changes\": false, \"url_path\": \"/home/basic-information-page/\", \"owner\": 1, \"seo_title\": \"\", \"show_in_menus\": true, \"search_description\": \"\", \"go_live_at\": null, \"expire_at\": null, \"expired\": false, \"locked\": false, \"first_published_at\": \"2019-06-18T13:31:39.282Z\", \"last_published_at\": \"2019-06-18T14:17:28.412Z\", \"latest_revision_created_at\": \"2019-06-18T14:17:28.373Z\", \"live_revision\": 20, \"social_image\": null, \"social_text\": \"\", \"listing_image\": null, \"listing_title\": \"\", \"listing_summary\": \"\", \"introduction\": \"Sed consequat, leo eget bibendum sodales, augue velit cursus nunc, quis gravida magna mi a libero. In hac habitasse platea dictumst. Vestibulum ante ipsum primis in faucibus orci luctus et ultrices posuere cubilia Curae; Fusce id purus. Praesent ac massa at ligula laoreet iaculis. Pellentesque ut neque.\", \"body\": \"[{\\\"type\\\": \\\"paragraph\\\", \\\"value\\\": \\\"<p>Praesent egestas tristique nibh. Phasellus consectetuer vestibulum elit. Quisque malesuada placerat nisl. Pellentesque auctor neque nec urna. Aenean vulputate eleifend tellus.</p><p>Nam commodo suscipit quam. Ut varius tincidunt libero. Proin faucibus arcu quis ante. Morbi mollis tellus ac sapien. Phasellus gravida semper nisi.</p><ul><li>Item 1</li><li>Item 2</li></ul><p>Cras sagittis. Nam pretium turpis et arcu. Praesent vestibulum dapibus nibh. Phasellus magna. Vestibulum suscipit nulla quis orci.</p>\\\", \\\"id\\\": \\\"f3eea6c2-f541-437e-98bb-8b48f8ab2771\\\"}, {\\\"type\\\": \\\"embed\\\", \\\"value\\\": \\\"https://www.youtube.com/watch?v=oUJNweMWwVQ\\\", \\\"id\\\": \\\"58fd090e-43ba-4c02-86fe-dbd9de1475c3\\\"}, {\\\"type\\\": \\\"paragraph\\\", \\\"value\\\": \\\"<p>Praesent egestas tristique nibh. Phasellus consectetuer vestibulum elit. Quisque malesuada placerat nisl. Pellentesque auctor neque nec urna. Aenean vulputate eleifend tellus.</p><p></p>\\\", \\\"id\\\": \\\"107fb471-36d9-4d70-8aa0-8530d678b66a\\\"}, {\\\"type\\\": \\\"call_to_action\\\", \\\"value\\\": 1, \\\"id\\\": \\\"76621010-c15a-4a2b-a67d-bcd989697bb5\\\"}]\", \"related_pages\": []}",
      "approved_go_live_at": null
    }
  },
  {
    "model": "wagtailcore.grouppagepermission",
    "pk": 1,
    "fields": { "group": ["Moderators"], "page": 1, "permission_type": "add" }
  },
  {
    "model": "wagtailcore.grouppagepermission",
    "pk": 2,
    "fields": { "group": ["Moderators"], "page": 1, "permission_type": "edit" }
  },
  {
    "model": "wagtailcore.grouppagepermission",
    "pk": 3,
    "fields": {
      "group": ["Moderators"],
      "page": 1,
      "permission_type": "publish"
    }
  },
  {
    "model": "wagtailcore.grouppagepermission",
    "pk": 4,
    "fields": { "group": ["Editors"], "page": 1, "permission_type": "add" }
  },
  {
    "model": "wagtailcore.grouppagepermission",
    "pk": 5,
    "fields": { "group": ["Editors"], "page": 1, "permission_type": "edit" }
  },
  {
    "model": "wagtailcore.grouppagepermission",
    "pk": 6,
    "fields": { "group": ["Moderators"], "page": 1, "permission_type": "lock" }
  },
  {
    "model": "wagtailcore.collection",
    "pk": 1,
    "fields": { "path": "0001", "depth": 1, "numchild": 0, "name": "Root" }
  },
  {
    "model": "wagtailcore.groupcollectionpermission",
    "pk": 1,
    "fields": {
      "group": ["Moderators"],
      "collection": 1,
      "permission": ["add_document", "wagtaildocs", "document"]
    }
  },
  {
    "model": "wagtailcore.groupcollectionpermission",
    "pk": 2,
    "fields": {
      "group": ["Editors"],
      "collection": 1,
      "permission": ["add_document", "wagtaildocs", "document"]
    }
  },
  {
    "model": "wagtailcore.groupcollectionpermission",
    "pk": 3,
    "fields": {
      "group": ["Moderators"],
      "collection": 1,
      "permission": ["change_document", "wagtaildocs", "document"]
    }
  },
  {
    "model": "wagtailcore.groupcollectionpermission",
    "pk": 4,
    "fields": {
      "group": ["Editors"],
      "collection": 1,
      "permission": ["change_document", "wagtaildocs", "document"]
    }
  },
  {
    "model": "wagtailcore.groupcollectionpermission",
    "pk": 5,
    "fields": {
      "group": ["Moderators"],
      "collection": 1,
      "permission": ["add_image", "wagtailimages", "image"]
    }
  },
  {
    "model": "wagtailcore.groupcollectionpermission",
    "pk": 6,
    "fields": {
      "group": ["Editors"],
      "collection": 1,
      "permission": ["add_image", "wagtailimages", "image"]
    }
  },
  {
    "model": "wagtailcore.groupcollectionpermission",
    "pk": 7,
    "fields": {
      "group": ["Moderators"],
      "collection": 1,
      "permission": ["change_image", "wagtailimages", "image"]
    }
  },
  {
    "model": "wagtailcore.groupcollectionpermission",
    "pk": 8,
    "fields": {
      "group": ["Editors"],
      "collection": 1,
      "permission": ["change_image", "wagtailimages", "image"]
    }
  }
]
